-- phpMyAdmin SQL Dump
-- version 4.6.6deb4
-- https://www.phpmyadmin.net/
--
-- Client :  db5000105472.hosting-data.io
-- Généré le :  Jeu 20 Juin 2019 à 12:44
-- Version du serveur :  5.7.25-log
-- Version de PHP :  7.0.33-0+deb9u3

SET SQL_MODE = "NO_AUTO_VALUE_ON_ZERO";
SET time_zone = "+00:00";


/*!40101 SET @OLD_CHARACTER_SET_CLIENT=@@CHARACTER_SET_CLIENT */;
/*!40101 SET @OLD_CHARACTER_SET_RESULTS=@@CHARACTER_SET_RESULTS */;
/*!40101 SET @OLD_COLLATION_CONNECTION=@@COLLATION_CONNECTION */;
/*!40101 SET NAMES utf8mb4 */;

--
-- Base de données :  `dbs99952`
--
CREATE DATABASE IF NOT EXISTS `dbs99952` DEFAULT CHARACTER SET utf8 COLLATE utf8_general_ci;
USE `dbs99952`;

-- --------------------------------------------------------

--
-- Structure de la table `comment`
--

CREATE TABLE `comment` (
  `id` int(11) NOT NULL,
  `content` text NOT NULL,
  `dateComCreate` datetime NOT NULL,
  `dateComUpdate` datetime NOT NULL,
  `Statut_id` int(11) NOT NULL,
  `User_id` int(11) NOT NULL,
  `Post_id` int(11) NOT NULL,
  `UserId_edit` int(11) NOT NULL
) ENGINE=InnoDB DEFAULT CHARSET=utf8 ROW_FORMAT=COMPACT;

--
-- Contenu de la table `comment`
--

INSERT INTO `comment` (`id`, `content`, `dateComCreate`, `dateComUpdate`, `Statut_id`, `User_id`, `Post_id`, `UserId_edit`) VALUES
(18, 'test122323', '2019-05-23 12:40:04', '2019-06-05 18:46:48', 6, 27, 16, 27),
(20, 'Nouveau commentaire', '2019-05-28 18:49:43', '2019-05-28 18:49:43', 5, 27, 14, 27),
(21, 'Lorem ipsum dolor sit amet, consectetur adipiscing elit. Ut eget ipsum et sapien vulputate gravida. Donec vestibulum commodo velit eget scelerisque. Cras tristique tortor a placerat rutrum. Mauris in leo dapibus, posuere turpis non, porta elit. Proin mi purus, facilisis in maximus accumsan, ultricies vitae massa. In hac habitasse platea dictumst. In eget tempor lorem, in pharetra quam.', '2019-06-03 09:38:51', '2019-06-05 18:24:17', 6, 27, 7, 27),
(24, 'excellent !!', '2019-06-06 19:52:59', '2019-06-06 19:52:59', 5, 32, 4, 32);

-- --------------------------------------------------------

--
-- Structure de la table `post`
--

CREATE TABLE `post` (
  `id` int(11) NOT NULL,
  `title` varchar(45) NOT NULL,
  `content` text NOT NULL,
  `category` varchar(45) NOT NULL,
  `Statut_id` int(11) NOT NULL,
  `User_id` int(11) NOT NULL,
  `datePostCreate` datetime NOT NULL,
  `datePostUpdate` datetime NOT NULL,
  `categoryColor` varchar(12) NOT NULL
) ENGINE=InnoDB DEFAULT CHARSET=utf8 ROW_FORMAT=COMPACT;

--
-- Contenu de la table `post`
--

INSERT INTO `post` (`id`, `title`, `content`, `category`, `Statut_id`, `User_id`, `datePostCreate`, `datePostUpdate`, `categoryColor`) VALUES
(4, 'Isolation', 'Lorem ipsum dolor sit amet, consectetur adipiscing elit. Nam dignissim purus at nisl ornare elementum. Aenean efficitur mattis lacinia. Aenean nec erat dignissim, dictum sapien vel, fermentum diam. Proin et metus vel ante congue fringilla. Integer accumsan lacus vitae tellus venenatis eleifend. Nullam sed massa vel massa dignissim consequat. Nullam vitae metus velit.\r\n\r\nMorbi eu enim dolor. Donec posuere, odio ut ullamcorper laoreet, tellus ligula malesuada risus, id condimentum dui mi non lorem. In augue elit, laoreet eget neque non, convallis ultricies metus. Nam ante velit, laoreet mattis porta in, imperdiet sit amet augue. Sed dictum eget nisl sed mattis. Sed mattis, tortor quis tincidunt ultricies, leo tortor efficitur dui, id scelerisque justo sapien eget nunc. In scelerisque facilisis massa, cursus viverra lacus iaculis vel. Nulla consequat mollis lectus.\r\n\r\nFusce libero justo, efficitur congue erat eu, faucibus sollicitudin urna. In posuere augue eu sapien condimentum pharetra. Donec at placerat metus. Fusce libero tortor, vulputate ut eros ut, porta ultricies turpis. In ligula est, suscipit vel vulputate mollis, vehicula et ipsum. Duis iaculis pellentesque maximus. Fusce ac turpis et urna elementum eleifend.\r\n\r\nPraesent nulla sapien, rutrum eu diam sed, malesuada mattis sem. Nullam placerat bibendum pharetra. Proin id ultrices felis. Pellentesque habitant morbi tristique senectus et netus et malesuada fames ac turpis egestas. Sed nunc justo, sollicitudin eu suscipit et, rutrum et elit. Maecenas nisi sem, aliquam id tortor vel, hendrerit tincidunt nibh. Donec nec rutrum ante. Phasellus leo dolor, pellentesque at risus eu, blandit dignissim diam. Nam eget iaculis est, eget tincidunt eros. Etiam vitae volutpat mi. Nam eros nibh, imperdiet feugiat cursus a, auctor eget velit. Nullam sed dolor ultrices, condimentum erat sed, pellentesque urna. Pellentesque habitant morbi tristique senectus et netus et malesuada fames ac turpis egestas. Duis feugiat, metus vitae molestie accumsan, dolor ex rhoncus diam, eget congue est magna ac velit. Donec commodo vulputate est, eu bibendum metus scelerisque ac.\r\n\r\nQuisque scelerisque pellentesque ante a sodales. Integer laoreet arcu id enim bibendum, sit amet tincidunt tellus malesuada. Nullam lectus enim, hendrerit non lobortis in, gravida sit amet ipsum. Class aptent taciti sociosqu ad litora torquent per conubia nostra, per inceptos himenaeos. Aenean tristique quam quis est tincidunt, ac tincidunt dui maximus. In et dolor sit amet purus feugiat pulvinar. Morbi in dictum enim, vitae ultricies massa. Sed massa nisl, elementum in placerat non, semper quis libero. Sed vitae condimentum ligula.', 'Isolation', 3, 27, '2019-04-30 16:08:26', '2019-05-27 14:34:46', '#e2fbab'),
(7, 'Cuisine d&#39;angle', 'Lorem ipsum dolor sit amet, consectetur adipiscing elit. Donec mauris diam, maximus vitae eleifend in, placerat non est. Fusce id egestas eros. Nulla ipsum nibh, sagittis eget lacus eget, pretium interdum nunc. In vitae faucibus sem. Donec a metus sit amet risus viverra egestas. Nunc non metus massa. Aliquam tempus a tellus sit amet facilisis.\r\n\r\nNunc quis quam finibus, maximus sem nec, congue lorem. Quisque suscipit finibus felis sed laoreet. Suspendisse dolor sem, volutpat ut consectetur pretium, sagittis at diam. Phasellus mollis ante quam, nec volutpat justo hendrerit tempor. Cras et nisi molestie, maximus sem eget, volutpat metus. Donec in interdum sem, ut venenatis libero. Nulla non porta urna. Quisque pharetra orci justo, et convallis dolor dictum in. Aenean volutpat augue facilisis tellus interdum volutpat. Nam cursus dapibus enim. Cras sollicitudin ex urna, at hendrerit neque sagittis vehicula. Aliquam interdum lobortis rhoncus. Sed vitae fermentum felis. Vestibulum a libero a risus efficitur gravida. Curabitur gravida suscipit ante ut lacinia. Nam dictum mi a luctus auctor.\r\n\r\nProin mollis pretium ante, quis malesuada magna interdum non. Lorem ipsum dolor sit amet, consectetur adipiscing elit. Ut faucibus consectetur rutrum. Etiam mattis suscipit tellus, at lobortis elit blandit sed. Integer tristique ex vitae lorem porta, vel gravida nisl venenatis. Donec fermentum ligula quis orci porta rutrum. Morbi vel lobortis elit, hendrerit sagittis dolor. Suspendisse a efficitur nibh, id egestas magna. Fusce auctor nec neque sed rutrum.\r\n\r\nPhasellus mollis gravida nunc ut varius. Duis rhoncus odio mi, eu pharetra ante tincidunt vitae. Aliquam laoreet quis mi vel faucibus. Morbi hendrerit tempor sapien, eu finibus lorem blandit ut. Cras ornare urna lorem, vulputate vulputate eros congue at. Donec sed mauris tellus. Phasellus porttitor nibh a tempus finibus.\r\n\r\nCras congue in dolor eget venenatis. Sed pellentesque massa ut metus tristique auctor. In convallis nulla et tincidunt semper. Fusce laoreet arcu vitae massa consequat cursus. Donec egestas, leo a porttitor efficitur, dui lacus volutpat arcu, cursus blandit elit felis in sapien. Proin elementum tellus ut cursus maximus. Sed varius massa sem, sed volutpat lorem lobortis non. Sed imperdiet eros quis porta consequat. Donec ac placerat velit. Sed sodales tellus quis luctus blandit. Nam at lorem semper, dictum tortor eget, sagittis augue. Lorem ipsum dolor sit amet, consectetur adipiscing elit. Ut et commodo velit.', 'Cuisine', 3, 27, '2019-04-30 16:35:53', '2019-06-19 18:09:04', '#fdd2e4'),
(10, 'Organiser son entrée pour l&#039;été', 'Lorem ipsum dolor sit amet, consectetur adipiscing elit. Proin id ligula turpis. Vestibulum ante ipsum primis in faucibus orci luctus et ultrices posuere cubilia Curae; Curabitur venenatis ligula erat, vel bibendum massa vestibulum a. Sed ultricies tortor quam, et interdum eros laoreet in. Praesent eleifend rutrum porttitor. Sed commodo nulla ac erat viverra bibendum. Phasellus condimentum massa ut diam interdum ultrices. Morbi pretium ornare nisl. Proin et porttitor nisl. Ut vitae turpis molestie, semper felis vulputate, dictum eros. Proin venenatis eget enim id fringilla. Quisque ac ante non leo aliquam condimentum et sed mauris.\r\n\r\nCurabitur dolor sapien, lacinia vitae lacinia eu, aliquet id enim. Aenean vestibulum scelerisque interdum. Phasellus luctus elementum dapibus. Maecenas eu eros aliquam, faucibus odio eu, tempus augue. Aliquam malesuada magna ac quam viverra, in congue neque condimentum. Proin sit amet posuere massa. Fusce facilisis mollis libero, non imperdiet augue rhoncus nec. Duis iaculis, ligula eget mollis dictum, nulla ipsum lacinia arcu, scelerisque tristique felis nibh et nisi. Aenean convallis erat nunc, ut mattis lectus hendrerit vitae. In a tellus quis libero aliquam euismod a at eros. Proin a diam dolor. Praesent dictum tristique turpis, nec congue elit commodo non. Fusce sodales, sapien at placerat pretium, sem mauris tempus velit, sed scelerisque velit mi et ipsum. Suspendisse potenti. Pellentesque aliquam mollis nulla, ac maximus metus porta et. Duis facilisis velit vitae consectetur dictum.\r\n\r\nDonec tempus sem nunc, ut feugiat felis scelerisque ac. Sed tempus libero enim, id auctor dui feugiat sed. Pellentesque eu massa nisl. Donec quis lacinia metus. In in lorem turpis. Duis id sagittis ex, sit amet dictum dui. Nullam auctor, mi ut finibus varius, lorem nulla consequat nibh, quis volutpat lacus ipsum elementum dui. Sed tempor nunc sed vulputate dictum.\r\n\r\nVestibulum facilisis pellentesque tempor. Morbi finibus justo rutrum, pharetra neque eu, egestas nibh. Etiam vel est ornare, luctus mauris a, consectetur leo. Suspendisse nec bibendum lectus, bibendum interdum dolor. In vehicula at massa eget dapibus. Nulla magna neque, dictum quis maximus quis, tempor sit amet turpis. Duis at lorem ut risus interdum mattis vitae et dolor.\r\n\r\nNunc nec elit lectus. Vestibulum sit amet nisi euismod, vulputate magna in, consequat augue. Pellentesque id arcu commodo, viverra magna at, ultrices leo. In dignissim sed ante rutrum malesuada. Donec consectetur mattis neque id facilisis. Sed rutrum nibh nec tincidunt venenatis. Mauris gravida metus eu nibh ornare sodales. Vestibulum ac leo accumsan, tristique diam ac, placerat leo. Quisque semper arcu ut justo consectetur commodo. Suspendisse tincidunt ultricies scelerisque. Etiam non tincidunt quam, sed dapibus tellus. Nunc congue iaculis mi, nec iaculis lorem faucibus ut. Nulla molestie lectus at molestie interdum. Curabitur maximus at felis eu finibus. Etiam ultricies in justo a varius. Suspendisse potenti.', 'Décoration', 3, 27, '2019-04-30 21:25:19', '2019-05-27 14:32:42', '#fcfecf'),
(13, 'Espace Barbecue', 'Lorem ipsum dolor sit amet, consectetur adipiscing elit. Aenean euismod tellus porta libero elementum efficitur. Duis ut posuere lacus, id suscipit odio. Curabitur eu sodales leo. Donec id hendrerit eros. Maecenas sollicitudin magna nibh, ac efficitur mauris rutrum vitae. Fusce ultricies elit vel commodo maximus. Mauris ut dictum sem. Nunc nisl turpis, tempor vitae arcu id, sollicitudin gravida purus. Sed ullamcorper mauris tortor, in accumsan erat egestas a. Curabitur aliquam augue a lectus imperdiet, ac egestas enim aliquam. Maecenas et laoreet purus. Nam porta finibus convallis. Phasellus condimentum dolor ut velit placerat, eu rhoncus lacus ultrices. Cras ut nisi vel ipsum euismod porta nec sodales lectus. Morbi non est in massa vehicula pulvinar. Curabitur dapibus dolor et nisl molestie pretium.\r\n\r\nInteger porta diam libero, eu pellentesque nulla hendrerit vel. Quisque malesuada porttitor elit eu finibus. Suspendisse at scelerisque orci. Morbi in est et nunc efficitur finibus eget in quam. Nunc ornare metus id risus dapibus porta. Donec interdum id velit in malesuada. Proin pretium magna a vulputate malesuada. Pellentesque egestas arcu leo, eget hendrerit metus lacinia sit amet. Mauris diam turpis, pellentesque ac turpis eu, placerat gravida diam. Mauris sit amet ipsum ac augue dignissim aliquet id consectetur urna. Nulla facilisi. Sed nisl nisl, mollis nec sodales ultrices, tincidunt id massa. Etiam molestie suscipit sagittis.\r\n\r\nMauris eget quam id tellus vestibulum auctor vitae et orci. In sed eros a eros molestie placerat. Suspendisse a pretium eros. Curabitur sit amet arcu condimentum, consequat dui in, dictum ex. Praesent at felis id sapien commodo sagittis efficitur ut tortor. Nullam nec odio pulvinar, dictum risus quis, dapibus ex. Praesent felis ex, mattis vel cursus non, varius in ante. Suspendisse potenti. Mauris iaculis, purus in accumsan vehicula, mi purus fermentum neque, at tempus sem est ut velit. Donec vitae diam non lacus consectetur interdum a vulputate nisl. Pellentesque eu risus nisl. Maecenas dignissim, ligula eget feugiat congue, arcu orci ullamcorper risus, ut varius quam ipsum at ligula.\r\n\r\nPraesent aliquam quis ex sed rutrum. Nulla ut lorem arcu. Nullam vulputate iaculis dolor a pellentesque. Fusce felis purus, varius in euismod id, ultrices ut mi. Nullam maximus lacinia risus vitae lacinia. Fusce dictum a nisl et ornare. Vivamus non est eget ante pulvinar lacinia ornare sed dolor. Proin iaculis est egestas nibh blandit, ac sodales massa pellentesque. Nunc mattis tortor quis sapien molestie tincidunt. Duis purus neque, rhoncus ac dolor id, euismod dapibus urna. Donec auctor lectus sed nulla imperdiet porttitor. Donec condimentum vitae leo sit amet vehicula. Vivamus mattis, leo et finibus porta, sem nibh euismod metus, nec fringilla ante elit vel magna.\r\n\r\nSed vel congue nulla, sit amet mattis metus. Pellentesque ut lacus eros. Sed urna quam, ultrices nec viverra at, egestas quis leo. Aenean condimentum imperdiet leo cursus tempus. Sed suscipit, ipsum vitae facilisis sollicitudin, dui eros tempus urna, vel accumsan urna ipsum in leo. Cras finibus elit et facilisis molestie. Etiam nec nisl non urna pretium maximus. Nulla imperdiet volutpat ante, non venenatis ipsum facilisis quis. Proin consequat, quam vel lobortis rhoncus, diam mi congue enim, et tempus lacus turpis faucibus nibh. Donec luctus gravida turpis, in scelerisque leo blandit eget. Aenean ex justo, varius at urna id, condimentum sodales mi. Praesent sed arcu nisl.', 'Jardin', 3, 27, '2019-05-03 14:24:30', '2019-05-27 14:33:12', '#cbafec'),
(14, 'Salon d&#039;été', 'Lorem ipsum dolor sit amet, consectetur adipiscing elit. Pellentesque elit ipsum, gravida id porta sed, maximus eget felis. Nam vel sapien ut ex sagittis aliquam eu quis nulla. Pellentesque ullamcorper, magna quis sollicitudin porta, elit urna venenatis purus, porta cursus lacus mi eget enim. Aliquam feugiat, diam id lobortis congue, felis purus pharetra nisl, eget blandit felis nulla at mi. Integer sed finibus elit. In molestie et erat quis tempus. Duis quis arcu magna. In tempor sapien eu est sagittis varius. Nam at risus volutpat, feugiat urna sed, ullamcorper turpis.\r\n\r\nMorbi ac convallis tortor. Fusce bibendum ex vitae lectus blandit, quis posuere neque ultrices. Aenean in felis eu diam fringilla imperdiet eu ac eros. Aenean quis massa in risus tempus pharetra sit amet quis est. Curabitur ultricies nec arcu non aliquam. Suspendisse eget euismod lorem, sit amet tincidunt arcu. Fusce eleifend porttitor tellus, sit amet iaculis ex condimentum non. Nulla convallis risus quis justo lobortis, sit amet lobortis orci tincidunt. Nullam sit amet dolor nunc. Duis blandit, purus at laoreet varius, neque elit elementum arcu, eget suscipit nibh quam sit amet dui. In nunc lectus, posuere vel est dapibus, cursus elementum erat. Donec eu urna at neque viverra maximus. Pellentesque eget aliquet mi, ut sagittis nulla. Pellentesque dictum ornare ultrices.\r\n\r\nFusce tempor id sem at maximus. Vivamus velit tellus, dignissim eget maximus eu, maximus nec nibh. Donec efficitur, dolor molestie varius elementum, dolor odio varius nibh, sed fermentum nunc nisl nec ipsum. Curabitur fermentum dui id elit venenatis, vel pharetra velit condimentum. Donec porta, lacus finibus vulputate pretium, est nisl posuere lacus, in gravida massa sem ac erat. Proin venenatis vel tortor vel accumsan. Fusce nulla dolor, ullamcorper nec tortor id, pellentesque aliquam est.\r\n\r\nInteger nec accumsan dolor, ultrices fermentum felis. Ut sed mi porta, condimentum felis quis, sagittis diam. Vestibulum vitae elit at erat lacinia maximus vel sit amet diam. Donec faucibus mauris quis orci interdum, sit amet venenatis velit condimentum. Suspendisse mi tortor, efficitur vel facilisis eu, ultrices in nunc. Cras at aliquet magna. Class aptent taciti sociosqu ad litora torquent per conubia nostra, per inceptos himenaeos. Morbi luctus non mi quis lacinia. Donec ut turpis nulla. Donec et luctus libero. Nam rhoncus neque sit amet iaculis scelerisque. Sed sit amet sapien vehicula, hendrerit odio sed, porta diam.\r\n\r\nCurabitur ipsum elit, suscipit non ipsum sit amet, fringilla mollis eros. Sed pretium magna ut venenatis dictum. Nulla aliquet libero at cursus porttitor. Sed elit diam, porttitor aliquet ornare id, egestas eget eros. Nam eu iaculis nulla. Suspendisse accumsan pellentesque risus, vitae congue neque pharetra in. Ut risus lacus, elementum in nisl id, interdum fringilla nibh. Nulla laoreet mauris mi, nec auctor nunc pharetra eget. Donec vestibulum consectetur tortor et elementum. Fusce id purus a ex congue tempus eget et turpis. Class aptent taciti sociosqu ad litora torquent per conubia nostra, per inceptos himenaeos. Donec euismod, elit at varius aliquam, eros nibh dapibus diam, sit amet vulputate ipsum erat id arcu.', 'Jardin', 3, 27, '2019-05-16 16:53:51', '2019-05-27 14:33:39', '#cbafec'),
(15, 'La cuisine minimaliste', 'Lorem ipsum dolor sit amet, consectetur adipiscing elit. Sed pulvinar, justo et condimentum imperdiet, odio nunc pellentesque eros, tincidunt aliquet dui lorem egestas justo. Duis condimentum sapien justo, sed elementum enim viverra vel. In non varius diam, tempor semper tortor. Praesent vel malesuada erat. Suspendisse ac lacinia purus, in consequat arcu. Curabitur vel risus non mauris posuere ultrices. Nam at nisl id lectus aliquam ultricies vel et tellus. Nulla nunc risus, fermentum ac nulla ut, dignissim faucibus turpis. Proin tristique aliquam risus at iaculis. Vestibulum at tincidunt tellus. Cras consequat, ipsum ac varius lacinia, odio turpis semper justo, a fermentum lectus sapien condimentum tellus. Vivamus ultricies bibendum quam. Cras lorem diam, ornare vitae libero non, dapibus porta mi.\r\n\r\nVivamus lacinia vulputate sapien vitae congue. Praesent justo sapien, semper interdum massa quis, accumsan auctor libero. Pellentesque habitant morbi tristique senectus et netus et malesuada fames ac turpis egestas. Vestibulum tincidunt sapien sit amet efficitur feugiat. Nullam tortor est, pharetra sed aliquam sit amet, dignissim a diam. Nam malesuada placerat orci, vel maximus dolor lobortis et. Nullam eu ipsum in leo faucibus pellentesque. Proin et diam vel magna commodo eleifend. Cras aliquet consequat est et sodales. Aliquam in urna ante.\r\n\r\nMaecenas porta ullamcorper eros. Donec at nisi id enim maximus euismod. Aenean consectetur quis lectus nec tempor. Sed neque nulla, porta ac iaculis vitae, gravida at leo. Nunc sagittis nisi sit amet ligula pharetra, quis pulvinar arcu tincidunt. Cras lacinia aliquet magna, a tempor neque congue in. Curabitur aliquam sed sem id porttitor. Vestibulum mi neque, aliquam eget mi quis, elementum ultricies est. Vivamus varius dignissim posuere. Nunc maximus metus eu massa aliquet, sed mollis metus vehicula. Maecenas lorem risus, lobortis in felis at, cursus laoreet lorem. Mauris fringilla vestibulum gravida.\r\n\r\nSed a arcu vel nisi ullamcorper porttitor sed cursus eros. Mauris vel lorem vel nisi laoreet euismod id vitae urna. Maecenas sit amet nulla sapien. Class aptent taciti sociosqu ad litora torquent per conubia nostra, per inceptos himenaeos. Duis in est sed purus maximus fringilla eget vel dolor. Phasellus facilisis lectus in porttitor cursus. Ut eu ultrices nulla, blandit congue ante. Sed dictum malesuada magna, eu faucibus nibh imperdiet ac. Etiam egestas non massa eu tempus.\r\n\r\nVestibulum ac consequat dolor, at scelerisque nibh. Duis finibus diam eu laoreet lobortis. Quisque eget enim purus. Phasellus sollicitudin nisi tortor, at molestie lorem tincidunt sed. Donec nec hendrerit tortor, nec accumsan massa. Sed eget metus rhoncus, ultricies sapien ut, pellentesque purus. Phasellus nisi lacus, consectetur pulvinar mauris sit amet, iaculis lobortis erat. Nam a placerat magna. Nam consequat ex ante, a eleifend mi tempor at. Aliquam ipsum mauris, euismod sed erat ut, tempus accumsan leo.', 'Cuisine', 3, 27, '2019-05-16 16:57:35', '2019-05-27 14:32:09', '#fdd2e4'),
(16, 'Les accords du salon', 'Lorem ipsum dolor sit amet, consectetur adipiscing elit. In accumsan turpis cursus velit elementum, faucibus congue massa molestie. Fusce non tortor quis augue facilisis posuere id sed velit. Etiam id elementum risus. Nullam et lobortis sem. Quisque quis velit massa. Vivamus ornare auctor risus a condimentum. Phasellus sed tempus magna. Nulla interdum quam lectus, sit amet ullamcorper ipsum maximus quis. Ut vehicula turpis enim, vitae eleifend purus blandit sit amet. Interdum et malesuada fames ac ante ipsum primis in faucibus. Aenean viverra tempor magna, finibus luctus arcu condimentum vitae. Proin id hendrerit mi.\r\n\r\nPraesent sollicitudin dui eget mi elementum ultricies venenatis ut metus. Maecenas hendrerit eu turpis sed pretium. In massa nisi, ultrices sit amet ultrices in, malesuada vitae risus. Nullam sagittis viverra dictum. Phasellus pretium, erat nec convallis malesuada, nunc quam ultrices nunc, quis faucibus lectus lectus nec odio. Duis eleifend velit felis, eu tristique mauris consequat nec. In rutrum purus leo, nec iaculis metus aliquam a. Cras efficitur, nulla eget feugiat interdum, ante neque sollicitudin felis, at efficitur nunc leo quis enim.\r\n\r\nMaecenas vel ex eget orci ultricies vehicula non venenatis magna. Nunc sit amet ornare diam. Integer nec ante suscipit felis scelerisque vehicula. Ut ac sollicitudin lorem. Aliquam non consequat elit, eget laoreet justo. Nulla porta libero nec feugiat posuere. Etiam in lectus cursus, sodales turpis ac, dictum purus. Aenean dapibus mattis sapien in luctus. Quisque non laoreet risus, a iaculis metus. Phasellus eu laoreet ex, luctus accumsan turpis.\r\n\r\nAliquam at urna aliquet, vestibulum justo ut, faucibus justo. Nulla euismod tincidunt nisl, eget sollicitudin mauris convallis sit amet. Praesent quis libero a nisi volutpat varius. Donec eu metus eget diam malesuada feugiat ut ac purus. Proin mollis pretium rutrum. Maecenas sem diam, tempor ultricies mauris vel, malesuada maximus ipsum. Nullam bibendum id eros non commodo. Ut dictum dolor nec nisi eleifend lacinia. Praesent nec tincidunt nunc, eu molestie enim. Curabitur et justo in neque mattis semper. Integer magna nulla, viverra ac rutrum quis, tempus id elit. Morbi ullamcorper augue vitae risus blandit semper.\r\n\r\nMaecenas scelerisque urna felis, non euismod erat efficitur et. Aenean odio neque, euismod ac placerat sit amet, interdum ut tortor. Curabitur sed semper sapien. Ut dapibus lectus pretium gravida porta. Maecenas eget sapien velit. Quisque vitae mollis metus, in viverra nunc. Maecenas rhoncus nunc diam, in bibendum leo iaculis at. Duis pulvinar ultricies ligula sit amet interdum. Ut pulvinar purus ut fermentum pharetra. Nunc augue magna, venenatis sit amet sapien ac, malesuada volutpat dolor.', 'Décoration', 4, 27, '2019-05-16 16:57:55', '2019-06-05 20:03:03', '#fcfecf');

-- --------------------------------------------------------

--
-- Structure de la table `statut`
--

CREATE TABLE `statut` (
  `id` int(11) NOT NULL,
  `type` varchar(45) NOT NULL,
  `name` varchar(45) NOT NULL
) ENGINE=InnoDB DEFAULT CHARSET=utf8;

--
-- Contenu de la table `statut`
--

INSERT INTO `statut` (`id`, `type`, `name`) VALUES
(1, 'User', 'User'),
(2, 'User', 'Admin'),
(3, 'Post', 'Published'),
(4, 'Post', 'Draft'),
(5, 'Comment', 'Published'),
(6, 'Comment', 'Modifié'),
(7, 'Comment', 'En Attente');

-- --------------------------------------------------------

--
-- Structure de la table `users`
--

CREATE TABLE `users` (
  `id` int(11) NOT NULL,
  `lastname` varchar(45) NOT NULL,
  `firstname` varchar(45) NOT NULL,
  `email` varchar(45) NOT NULL,
  `nickname` varchar(45) NOT NULL,
  `password` text NOT NULL,
  `Statut_id` int(11) NOT NULL
) ENGINE=InnoDB DEFAULT CHARSET=utf8 ROW_FORMAT=COMPACT;

--
-- Contenu de la table `users`
--

INSERT INTO `users` (`id`, `lastname`, `firstname`, `email`, `nickname`, `password`, `Statut_id`) VALUES
(3, 'Test', 'Test', 'Test@test.com', 'cono', '$2y$10$YAIJIpz0DPQXjS2yI3n9xuIDVvavP4sRLqHYbwrMYQFPjvMAhRF/S', 1),
(4, 'rez', 're', 'aezazz@eaz.com', 'aeaz', '$2y$10$WEEgBhopRC3lo1/cmSTYh.btGKVERKWQuYXTncpiDAFNdF6NdN35q', 1),
(8, 'new', 'by', 'newby@newby.com', 'newby', '$2y$10$izq3RNtSfLWjqR085ljmIu9cwmFZx8nQq2c/oTFGUPAvYhfug2Kka', 1),
(27, 'Admin', 'Admin', 'admin@admin.com', 'Admin', '$2y$10$N2xhOSLntInODqSn0CSwAuBewMR5aypic2mInwAiUm7.PU7bRp16K', 2),
(29, '1', '1', '111@111.fr', '1122', '$2y$10$TLlu7hHrhLzNY3aYAX/b3uHDDdicqRySazEDzMo5kOHmid93EU89m', 1),
(30, '2', '2', '2111@111.fr', '2', '$2y$10$EiG7A2piNOtcOmO6VpzmQOcNtLVYFM/wvHR0XCD6espyLKTlcKexi', 1),
(31, '3', '3', '3111@111.fr', '3', '$2y$10$txku6kGxC0TGKj8.7yWMh.RxsCmlfWUnDm/bL08LizRdS.axT/4tO', 1),
(32, '11', '11', '11111@111.fr', '11', '$2y$10$yWmICFvL0bqcytOio92M6e7/SZ1hxlLD.xEAxpVIMFWhXDoVmLnwS', 1),
(33, '12', '12', '12111@111.fr', '12', '$2y$10$ufzfSuE84P/5MNtDUKHGSeWHHeuGrJa9dPCT/LiGeB0fZhAcT9p86', 1),
(34, '13', '13', '13111@111.fr', '13', '$2y$10$ogC/cLPpPnIZFddJs85VYekMD/MJiHan5J.J0IMhbXVOXo2pUb//m', 1),
(35, '1111', '1111', '1111111@111.fr', '111', '$2y$10$0COBrxpew//sl6aAgbfTlOrKI7P48wtniGAXUEAc0TPtEG.jYimYm', 1),
(38, 'Teddy', 'Bunny', 'guilhemkata@gmail.com', 'jobbanszeretlek', '$2y$10$6UYnTAbw/APBiIEXhbDcge/BJcAVIr3et75OjKfQLtvpybcVvUJsi', 1),
(39, 'Maxi', 'Max', 'gui@gui.com', 'Maximiu', '$2y$10$SB/RfUxyv44vzQIrYz3BOelC0kbcjEHXxza0nAEmVWrb7dljT7OfK', 1),
(40, 'hihi', 'hihihi', 'hihihi@hihi.fr', 'hihihi', '$2y$10$bMwVsTr4YEsDUSIz1D93RO/NVA81rGikd1EhRGWG42MxJPZ.5eVSi', 1),
(41, 'Jean', 'jean', 'jean@jean.fr', 'jean', '$2y$10$RiPOupOsrJO18YSOokmF2.cgzFoIZhXNSV5VFuWpEhNj4iMh7K2US', 1),
(42, 'Jean1', 'jean1', 'jean1@jean.fr', 'jean13', '$2y$10$WtVkGWfC9G0Xipq1VMh7weFkLBid9s5eUarfy3kT1tb6SoLgahBA.', 1),
(43, 'Jean11', 'jean11', 'jean11@jean.fr', 'jean11', '$2y$10$njJy5filbHxGdiN1GO.ns.OmO0ctDugULQ83vLmY4GDQ.l4Xz5RnS', 1);

--
-- Index pour les tables exportées
--

--
-- Index pour la table `comment`
--
ALTER TABLE `comment`
  ADD PRIMARY KEY (`id`),
  ADD KEY `fk_Comment_Statut1_idx` (`Statut_id`),
  ADD KEY `fk_Comment_User1_idx` (`User_id`),
  ADD KEY `fk_Comment_Post1_idx` (`Post_id`),
  ADD KEY `fk_Comment_User2_idx` (`UserId_edit`) USING BTREE;

--
-- Index pour la table `post`
--
ALTER TABLE `post`
  ADD PRIMARY KEY (`id`),
  ADD KEY `fk_Post_Statut1_idx` (`Statut_id`),
  ADD KEY `fk_Post_User1_idx` (`User_id`);

--
-- Index pour la table `statut`
--
ALTER TABLE `statut`
  ADD PRIMARY KEY (`id`);

--
-- Index pour la table `users`
--
ALTER TABLE `users`
  ADD PRIMARY KEY (`id`),
  ADD KEY `fk_User_Statut1_idx` (`Statut_id`);

--
-- AUTO_INCREMENT pour les tables exportées
--

--
-- AUTO_INCREMENT pour la table `comment`
--
ALTER TABLE `comment`
  MODIFY `id` int(11) NOT NULL AUTO_INCREMENT, AUTO_INCREMENT=27;
--
-- AUTO_INCREMENT pour la table `post`
--
ALTER TABLE `post`
  MODIFY `id` int(11) NOT NULL AUTO_INCREMENT, AUTO_INCREMENT=30;
--
-- AUTO_INCREMENT pour la table `statut`
--
ALTER TABLE `statut`
  MODIFY `id` int(11) NOT NULL AUTO_INCREMENT, AUTO_INCREMENT=8;
--
-- AUTO_INCREMENT pour la table `users`
--
ALTER TABLE `users`
  MODIFY `id` int(11) NOT NULL AUTO_INCREMENT, AUTO_INCREMENT=44;
--
-- Contraintes pour les tables exportées
--

--
-- Contraintes pour la table `comment`
--
ALTER TABLE `comment`
  ADD CONSTRAINT `fk_Comment_Post1` FOREIGN KEY (`Post_id`) REFERENCES `post` (`id`),
  ADD CONSTRAINT `fk_Comment_Statut1` FOREIGN KEY (`Statut_id`) REFERENCES `statut` (`id`),
  ADD CONSTRAINT `fk_Comment_User1` FOREIGN KEY (`User_id`) REFERENCES `users` (`id`),
  ADD CONSTRAINT `fk_Comment_User2` FOREIGN KEY (`UserId_edit`) REFERENCES `users` (`id`) ON DELETE NO ACTION ON UPDATE NO ACTION;

--
-- Contraintes pour la table `post`
--
ALTER TABLE `post`
  ADD CONSTRAINT `fk_Post_Statut1` FOREIGN KEY (`Statut_id`) REFERENCES `statut` (`id`),
  ADD CONSTRAINT `fk_Post_User1` FOREIGN KEY (`User_id`) REFERENCES `users` (`id`);

--
-- Contraintes pour la table `users`
--
ALTER TABLE `users`
  ADD CONSTRAINT `fk_User_Statut1` FOREIGN KEY (`Statut_id`) REFERENCES `statut` (`id`);

/*!40101 SET CHARACTER_SET_CLIENT=@OLD_CHARACTER_SET_CLIENT */;
/*!40101 SET CHARACTER_SET_RESULTS=@OLD_CHARACTER_SET_RESULTS */;
/*!40101 SET COLLATION_CONNECTION=@OLD_COLLATION_CONNECTION */;
